{
  "initial_capital": 500000,
  "final_equity": 308826.2707184174,
  "total_return": -0.38234745856316515,
  "annual_return": -0.21539595144489299,
  "max_drawdown": -0.4317364931931913,
  "sharpe_ratio": -1.1693631059477552,
  "total_trades": 126,
  "win_rate": 0.30952380952380953,
  "profit_factor": 1.4517499148682504
}