{
  "initial_capital": 500000,
  "final_equity": 967961.6685297684,
  "total_return": 0.9359233370595367,
  "annual_return": 0.3945476143999844,
  "max_drawdown": -0.3426545165392223,
  "sharpe_ratio": 0.9824318291441874,
  "total_trades": 162,
  "win_rate": 0.2716049382716049,
  "profit_factor": 3.943656220122254
}