{
  "initial_capital": 500000,
  "final_equity": 845706.1600696999,
  "total_return": 0.6914123201393997,
  "annual_return": 0.302902183860956,
  "max_drawdown": -0.19421487181429112,
  "sharpe_ratio": 1.085166265079029,
  "total_trades": 141,
  "win_rate": 0.2907801418439716,
  "profit_factor": 3.653068427143523
}