{
  "initial_capital": 500000,
  "final_equity": 578718.1899341011,
  "total_return": 0.15743637986820214,
  "annual_return": 0.07605826034008478,
  "max_drawdown": -0.13954302124528162,
  "sharpe_ratio": 0.5639586121303141,
  "total_trades": 212,
  "win_rate": 0.3867924528301887,
  "profit_factor": 2.102786705472663
}